"eval_id","evaluated_at_utc","model_name","seed","split","test_csv","imgsz","batch","run_name","run_dir","dice_macro","iou_macro","f1_macro","fluid_accuracy","fluid_precision","fluid_recall","fluid_specificity","fluid_f1","fluid_dice","fluid_iou","fluid_tp","fluid_tn","fluid_fp","fluid_fn","tumor_accuracy","tumor_precision","tumor_recall","tumor_specificity","tumor_f1","tumor_dice","tumor_iou","tumor_tp","tumor_tn","tumor_fp","tumor_fn"
"932bff94","2026-05-14T20:26:56.984415+00:00","baseline_scratch_seed1009.pth","1009","Ophthalmic_Scans/splits/tumor_and_fluid_segmentation_oct","Ophthalmic_Scans/splits/tumor_and_fluid_segmentation_oct\test.csv","512","8","unet_eval__20260514-202648__id932bff94__modelbaseline_scratch_seed1009__splittumor_and_fluid_segmentation_oct__img512__bs8","runs_unet\unet_eval__20260514-202648__id932bff94__modelbaseline_scratch_seed1009__splittumor_and_fluid_segmentation_oct__img512__bs8","0.48594622738640236","0.34488171807588397","0.48594622738640236","0.9996218845762042","0.6181956191648428","0.1843492320123384","0.999953665465051","0.2840062769315665","0.2840062769315665","0.16550542878660654","5701","75987314","3521","25224","0.9692555131583365","0.7505529480948352","0.63487761927485","0.9881052588517012","0.6878861778412382","0.6878861778412382","0.5242580073651614","2575602","71108908","856004","1481246"
"fb5c8c1d","2026-05-14T20:27:04.900246+00:00","baseline_scratch_seed123.pth","123","Ophthalmic_Scans/splits/tumor_and_fluid_segmentation_oct","Ophthalmic_Scans/splits/tumor_and_fluid_segmentation_oct\test.csv","512","8","unet_eval__20260514-202657__idfb5c8c1d__modelbaseline_scratch_seed123__splittumor_and_fluid_segmentation_oct__img512__bs8","runs_unet\unet_eval__20260514-202657__idfb5c8c1d__modelbaseline_scratch_seed123__splittumor_and_fluid_segmentation_oct__img512__bs8","0.5437684029691959","0.3880882327568238","0.5437684029691959","0.9996230947560264","0.569446142556734","0.3012126111550486","0.9999073177706219","0.3940105323257957","0.3940105323257957","0.24533817951894926","9315","75983792","7043","21610","0.9682966034987864","0.7162568638276292","0.6721940284674044","0.9849886705899105","0.6935262736125961","0.6935262736125961","0.5308382859946984","2726989","70884623","1080289","1329859"
"ba23a967","2026-05-14T20:27:12.684714+00:00","baseline_scratch_seed13.pth","13","Ophthalmic_Scans/splits/tumor_and_fluid_segmentation_oct","Ophthalmic_Scans/splits/tumor_and_fluid_segmentation_oct\test.csv","512","8","unet_eval__20260514-202705__idba23a967__modelbaseline_scratch_seed13__splittumor_and_fluid_segmentation_oct__img512__bs8","runs_unet\unet_eval__20260514-202705__idba23a967__modelbaseline_scratch_seed13__splittumor_and_fluid_segmentation_oct__img512__bs8","0.5725346798876384","0.40770167959013526","0.5725346798876384","0.9996568350956344","0.6290899386142028","0.38111560226230845","0.9999085547618985","0.4746677406353712","0.4746677406353712","0.3111897343816043","11786","75983886","6949","19139","0.9686387160728704","0.7632840797551372","0.5976721336367397","0.9895510606613387","0.6704016191399056","0.6704016191399056","0.5042136247986662","2424665","71212955","751957","1632183"
"58174358","2026-05-14T20:27:20.553213+00:00","baseline_scratch_seed19.pth","19","Ophthalmic_Scans/splits/tumor_and_fluid_segmentation_oct","Ophthalmic_Scans/splits/tumor_and_fluid_segmentation_oct\test.csv","512","8","unet_eval__20260514-202712__id58174358__modelbaseline_scratch_seed19__splittumor_and_fluid_segmentation_oct__img512__bs8","runs_unet\unet_eval__20260514-202712__id58174358__modelbaseline_scratch_seed19__splittumor_and_fluid_segmentation_oct__img512__bs8","0.5809923265210923","0.41751599011487905","0.5809923265210923","0.999663399005757","0.6506493506456767","0.3726111560214305","0.9999185822869283","0.47385627634322225","0.47385627634322225","0.3104925630515453","11523","75984648","6187","19402","0.9657682747676442","0.6696212451632159","0.7076875939152586","0.9803169494600354","0.6881283766989623","0.6881283766989623","0.5245394171782128","2870981","70548423","1416489","1185867"
"00e4ec00","2026-05-14T20:27:28.464206+00:00","baseline_scratch_seed2027.pth","2027","Ophthalmic_Scans/splits/tumor_and_fluid_segmentation_oct","Ophthalmic_Scans/splits/tumor_and_fluid_segmentation_oct\test.csv","512","8","unet_eval__20260514-202720__id00e4ec00__modelbaseline_scratch_seed2027__splittumor_and_fluid_segmentation_oct__img512__bs8","runs_unet\unet_eval__20260514-202720__id00e4ec00__modelbaseline_scratch_seed2027__splittumor_and_fluid_segmentation_oct__img512__bs8","0.5114612295482435","0.355762629715882","0.5114612295482435","0.9996510341249649","0.6959700427898005","0.2524171382368556","0.999955126167516","0.37047056310868165","0.37047056310868165","0.22734818698055234","7806","75987425","3410","23119","0.9607378071752075","0.6182967611002629","0.6906011760854562","0.9759661069272189","0.6524518959878053","0.6524518959878053","0.4841770724512117","2801664","70235315","1729597","1255184"
"a729337a","2026-05-14T20:27:36.311902+00:00","baseline_scratch_seed271.pth","271","Ophthalmic_Scans/splits/tumor_and_fluid_segmentation_oct","Ophthalmic_Scans/splits/tumor_and_fluid_segmentation_oct\test.csv","512","8","unet_eval__20260514-202728__ida729337a__modelbaseline_scratch_seed271__splittumor_and_fluid_segmentation_oct__img512__bs8","runs_unet\unet_eval__20260514-202728__ida729337a__modelbaseline_scratch_seed271__splittumor_and_fluid_segmentation_oct__img512__bs8","0.5210655656122544","0.3651444239582588","0.5210655656122544","0.9996684764993589","0.7987053664564762","0.24737267582781772","0.9999746285193457","0.3777497963104517","0.3777497963104517","0.2328554469904336","7650","75988907","1928","23275","0.9651003607388188","0.6823789416243148","0.6473086987730217","0.98301509769094","0.664381334914057","0.664381334914057","0.497433400926084","2626033","70742595","1222317","1430815"
"15a98323","2026-05-14T20:27:44.187457+00:00","baseline_scratch_seed42.pth","42","Ophthalmic_Scans/splits/tumor_and_fluid_segmentation_oct","Ophthalmic_Scans/splits/tumor_and_fluid_segmentation_oct\test.csv","512","8","unet_eval__20260514-202736__id15a98323__modelbaseline_scratch_seed42__splittumor_and_fluid_segmentation_oct__img512__bs8","runs_unet\unet_eval__20260514-202736__id15a98323__modelbaseline_scratch_seed42__splittumor_and_fluid_segmentation_oct__img512__bs8","0.47395775491648523","0.3369092748475936","0.47395775491648523","0.9996159257559927","0.6013378711348276","0.1656911883583971","0.9999552972407777","0.2597982051405471","0.2597982051405471","0.14929199930030507","5124","75987438","3397","25801","0.9677673866008877","0.7113835986744685","0.6663246934565784","0.984760489945432","0.6881173046924234","0.6881173046924234","0.524526550394882","2703178","70868202","1096710","1353670"
"23eae964","2026-05-14T20:27:52.107365+00:00","baseline_scratch_seed7.pth","7","Ophthalmic_Scans/splits/tumor_and_fluid_segmentation_oct","Ophthalmic_Scans/splits/tumor_and_fluid_segmentation_oct\test.csv","512","8","unet_eval__20260514-202744__id23eae964__modelbaseline_scratch_seed7__splittumor_and_fluid_segmentation_oct__img512__bs8","runs_unet\unet_eval__20260514-202744__id23eae964__modelbaseline_scratch_seed7__splittumor_and_fluid_segmentation_oct__img512__bs8","0.6242765174176854","0.4551966316288323","0.6242765174176854","0.9997020195270393","0.6783835072859553","0.5086176232804895","0.999901869745212","0.5813605366735389","0.5813605366735389","0.4098014694377317","15729","75983378","7457","15196","0.9682411193847643","0.7568228854918339","0.596543917839648","0.9891946508598509","0.667192498161832","0.667192498161832","0.5005917938199329","2420088","71187306","777606","1636760"
"e1588208","2026-05-14T20:28:00.367087+00:00","baseline_scratch_seed73.pth","73","Ophthalmic_Scans/splits/tumor_and_fluid_segmentation_oct","Ophthalmic_Scans/splits/tumor_and_fluid_segmentation_oct\test.csv","512","8","unet_eval__20260514-202752__ide1588208__modelbaseline_scratch_seed73__splittumor_and_fluid_segmentation_oct__img512__bs8","runs_unet\unet_eval__20260514-202752__ide1588208__modelbaseline_scratch_seed73__splittumor_and_fluid_segmentation_oct__img512__bs8","0.5492771012064679","0.388737427785933","0.5492771012064679","0.9996605577140005","0.682987848458306","0.3089733225535684","0.999941637698808","0.42547033284999336","0.42547033284999336","0.27022058823452993","9555","75986400","4435","21370","0.9685588573587338","0.7560479342555292","0.6065272842364169","0.9889675123899255","0.6730838695629425","0.6730838695629425","0.507254267337336","2460589","71170960","793952","1596259"
"f6f71e7c","2026-05-14T20:28:08.557652+00:00","baseline_scratch_seed99.pth","99","Ophthalmic_Scans/splits/tumor_and_fluid_segmentation_oct","Ophthalmic_Scans/splits/tumor_and_fluid_segmentation_oct\test.csv","512","8","unet_eval__20260514-202800__idf6f71e7c__modelbaseline_scratch_seed99__splittumor_and_fluid_segmentation_oct__img512__bs8","runs_unet\unet_eval__20260514-202800__idf6f71e7c__modelbaseline_scratch_seed99__splittumor_and_fluid_segmentation_oct__img512__bs8","0.5516828909721674","0.40126147971515697","0.5516828909721674","0.9996627676075889","0.7583040250023612","0.25099434114712693","0.9999674434423559","0.3771531303895018","0.3771531303895018","0.2324021677288769","7762","75988361","2474","23163","0.9720775998871889","0.7616326225838379","0.6939407145645907","0.9877568946377632","0.7262126515548328","0.7262126515548328","0.570120791701437","2815212","71083838","881074","1241636"
"3d98b2f8","2026-05-14T20:28:16.650322+00:00","kermany_transfer_frozen_seed1009.pth","1009","Ophthalmic_Scans/splits/tumor_and_fluid_segmentation_oct","Ophthalmic_Scans/splits/tumor_and_fluid_segmentation_oct\test.csv","512","8","unet_eval__20260514-202808__id3d98b2f8__modelkermany_transfer_frozen_seed1009__splittumor_and_fluid_segmentation_oct__img512__bs8","runs_unet\unet_eval__20260514-202808__id3d98b2f8__modelkermany_transfer_frozen_seed1009__splittumor_and_fluid_segmentation_oct__img512__bs8","0.685793250886271","0.5256460228865674","0.685793250886271","0.9997950586779351","0.7414634146318129","0.7618431689546908","0.9998918948581088","0.7515151515139529","0.7515151515139529","0.6019417475712776","23560","75982620","8215","7365","0.9623347446836261","0.6714865185248853","0.5759698169613311","0.9841151337751917","0.6200713502585891","0.6200713502585891","0.4493502982018571","2336622","70821759","1143153","1720226"
"5f666e7b","2026-05-14T20:28:25.206411+00:00","kermany_transfer_frozen_seed123.pth","123","Ophthalmic_Scans/splits/tumor_and_fluid_segmentation_oct","Ophthalmic_Scans/splits/tumor_and_fluid_segmentation_oct\test.csv","512","8","unet_eval__20260514-202816__id5f666e7b__modelkermany_transfer_frozen_seed123__splittumor_and_fluid_segmentation_oct__img512__bs8","runs_unet\unet_eval__20260514-202816__id5f666e7b__modelkermany_transfer_frozen_seed123__splittumor_and_fluid_segmentation_oct__img512__bs8","0.6501694562184314","0.4837662406423671","0.6501694562184314","0.999776458740233","0.768948608051396","0.6439773645896718","0.9999212536617067","0.7009362241294155","0.7009362241294155","0.5395702945066526","19915","75984851","5984","11010","0.9635543823242174","0.7248994045757812","0.5109461828493325","0.9890690757740369","0.5994026883074473","0.5994026883074473","0.4279621867780816","2072831","71178269","786643","1984017"
"06d06910","2026-05-14T20:28:33.274507+00:00","kermany_transfer_frozen_seed13.pth","13","Ophthalmic_Scans/splits/tumor_and_fluid_segmentation_oct","Ophthalmic_Scans/splits/tumor_and_fluid_segmentation_oct\test.csv","512","8","unet_eval__20260514-202825__id06d06910__modelkermany_transfer_frozen_seed13__splittumor_and_fluid_segmentation_oct__img512__bs8","runs_unet\unet_eval__20260514-202825__id06d06910__modelkermany_transfer_frozen_seed13__splittumor_and_fluid_segmentation_oct__img512__bs8","0.6833982866952795","0.5270326307397908","0.6833982866952795","0.999818867650524","0.7745063526073719","0.7825707356482374","0.9999072782921768","0.7785176606820136","0.7785176606820136","0.637354823416193","24201","75983789","7046","6724","0.9586462875892363","0.6275638052340514","0.5536226646894201","0.9814785155299002","0.5882789127085454","0.5882789127085454","0.4167104380633886","2245963","70632015","1332897","1810885"
"68000bd0","2026-05-14T20:28:41.406656+00:00","kermany_transfer_frozen_seed19.pth","19","Ophthalmic_Scans/splits/tumor_and_fluid_segmentation_oct","Ophthalmic_Scans/splits/tumor_and_fluid_segmentation_oct\test.csv","512","8","unet_eval__20260514-202833__id68000bd0__modelkermany_transfer_frozen_seed19__splittumor_and_fluid_segmentation_oct__img512__bs8","runs_unet\unet_eval__20260514-202833__id68000bd0__modelkermany_transfer_frozen_seed19__splittumor_and_fluid_segmentation_oct__img512__bs8","0.6663704768704496","0.505735060408891","0.6663704768704496","0.9997844038338483","0.7081960638247108","0.7993856103450303","0.9998659575197443","0.7510329323114123","0.7510329323114123","0.6013232468181233","24721","75980649","10186","6204","0.964199250319907","0.7725258378787601","0.46648407827948035","0.9922567403403466","0.5817080214294869","0.5817080214294869","0.41014687399965866","1892455","71407669","557243","2164393"
"1742824e","2026-05-14T20:28:49.505463+00:00","kermany_transfer_frozen_seed2027.pth","2027","Ophthalmic_Scans/splits/tumor_and_fluid_segmentation_oct","Ophthalmic_Scans/splits/tumor_and_fluid_segmentation_oct\test.csv","512","8","unet_eval__20260514-202841__id1742824e__modelkermany_transfer_frozen_seed2027__splittumor_and_fluid_segmentation_oct__img512__bs8","runs_unet\unet_eval__20260514-202841__id1742824e__modelkermany_transfer_frozen_seed2027__splittumor_and_fluid_segmentation_oct__img512__bs8","0.6931292438380874","0.5385819701234907","0.6931292438380874","0.9998238793734833","0.7705671789151065","0.8074696847184883","0.9999021592538087","0.7885869479389421","0.7885869479389421","0.6509645464008056","24971","75983400","7435","5954","0.9638791446028071","0.7367615138119963","0.5027580525570466","0.9898737317986285","0.5976715397372325","0.5976715397372325","0.42619939384617583","2039613","71236176","728736","2017235"
"93a35c5a","2026-05-14T20:28:57.997363+00:00","kermany_transfer_frozen_seed271.pth","271","Ophthalmic_Scans/splits/tumor_and_fluid_segmentation_oct","Ophthalmic_Scans/splits/tumor_and_fluid_segmentation_oct\test.csv","512","8","unet_eval__20260514-202849__id93a35c5a__modelkermany_transfer_frozen_seed271__splittumor_and_fluid_segmentation_oct__img512__bs8","runs_unet\unet_eval__20260514-202849__id93a35c5a__modelkermany_transfer_frozen_seed271__splittumor_and_fluid_segmentation_oct__img512__bs8","0.6661843943514644","0.5023748600846574","0.6661843943514644","0.9997694081273558","0.7041236170774919","0.7470654810000095","0.9998722477519808","0.7249592067266145","0.7249592067266145","0.5685772647833816","23103","75981127","9708","7822","0.9625659811085655","0.6897047803083062","0.5426597200585148","0.9862371818088222","0.6074095819763142","0.6074095819763142","0.4361724553859333","2201488","70974472","990440","1855360"
"0f1df942","2026-05-14T20:29:06.093097+00:00","kermany_transfer_frozen_seed42.pth","42","Ophthalmic_Scans/splits/tumor_and_fluid_segmentation_oct","Ophthalmic_Scans/splits/tumor_and_fluid_segmentation_oct\test.csv","512","8","unet_eval__20260514-202858__id0f1df942__modelkermany_transfer_frozen_seed42__splittumor_and_fluid_segmentation_oct__img512__bs8","runs_unet\unet_eval__20260514-202858__id0f1df942__modelkermany_transfer_frozen_seed42__splittumor_and_fluid_segmentation_oct__img512__bs8","0.6677121628952996","0.506636326608794","0.6677121628952996","0.9997949929072926","0.7482361317860436","0.7475828617599108","0.9998976323921154","0.74790935412266","0.74790935412266","0.5973284415032107","23119","75983056","7779","7806","0.9592877749739009","0.6395380112699949","0.5433188524687013","0.9827370177288607","0.587514971667939","0.587514971667939","0.4159442117143773","2204162","70722583","1242329","1852686"
"6b692c4f","2026-05-14T20:29:14.143688+00:00","kermany_transfer_frozen_seed42_legacy.pth","42","Ophthalmic_Scans/splits/tumor_and_fluid_segmentation_oct","Ophthalmic_Scans/splits/tumor_and_fluid_segmentation_oct\test.csv","512","8","unet_eval__20260514-202906__id6b692c4f__modelkermany_transfer_frozen_seed42_legacy__splittumor_and_fluid_segmentation_oct__img512__bs8","runs_unet\unet_eval__20260514-202906__id6b692c4f__modelkermany_transfer_frozen_seed42_legacy__splittumor_and_fluid_segmentation_oct__img512__bs8","0.6677121628952996","0.506636326608794","0.6677121628952996","0.9997949929072926","0.7482361317860436","0.7475828617599108","0.9998976323921154","0.74790935412266","0.74790935412266","0.5973284415032107","23119","75983056","7779","7806","0.9592877749739009","0.6395380112699949","0.5433188524687013","0.9827370177288607","0.587514971667939","0.587514971667939","0.4159442117143773","2204162","70722583","1242329","1852686"
"077ba613","2026-05-14T20:29:22.480891+00:00","kermany_transfer_frozen_seed7.pth","7","Ophthalmic_Scans/splits/tumor_and_fluid_segmentation_oct","Ophthalmic_Scans/splits/tumor_and_fluid_segmentation_oct\test.csv","512","8","unet_eval__20260514-202914__id077ba613__modelkermany_transfer_frozen_seed7__splittumor_and_fluid_segmentation_oct__img512__bs8","runs_unet\unet_eval__20260514-202914__id077ba613__modelkermany_transfer_frozen_seed7__splittumor_and_fluid_segmentation_oct__img512__bs8","0.674513000362676","0.5127615895968511","0.674513000362676","0.9997660012080738","0.6731428270135679","0.8257073565050098","0.9998368355868165","0.7416604946328851","0.7416604946328851","0.5893961776369001","25535","75978436","12399","5390","0.9628758529136907","0.6971508889638842","0.5380682243948864","0.9868233563601092","0.607365506092467","0.607365506092467","0.4361270015568021","2182861","71016656","948256","1873987"
"0a0e828f","2026-05-14T20:29:30.660969+00:00","kermany_transfer_frozen_seed73.pth","73","Ophthalmic_Scans/splits/tumor_and_fluid_segmentation_oct","Ophthalmic_Scans/splits/tumor_and_fluid_segmentation_oct\test.csv","512","8","unet_eval__20260514-202922__id0a0e828f__modelkermany_transfer_frozen_seed73__splittumor_and_fluid_segmentation_oct__img512__bs8","runs_unet\unet_eval__20260514-202922__id0a0e828f__modelkermany_transfer_frozen_seed73__splittumor_and_fluid_segmentation_oct__img512__bs8","0.6405075137107971","0.4765115907228662","0.6405075137107971","0.9997711839347037","0.7129635459273659","0.7323524656403158","0.999880011846164","0.722527954569679","0.722527954569679","0.5655919886108294","22648","75981717","9118","8277","0.9618421094170919","0.7299749816579613","0.45224445185029233","0.9905694458432729","0.5584870728519151","0.5584870728519151","0.387431192834903","1834687","71286243","678669","2222161"
"1feb8749","2026-05-14T20:29:38.780963+00:00","kermany_transfer_frozen_seed99.pth","99","Ophthalmic_Scans/splits/tumor_and_fluid_segmentation_oct","Ophthalmic_Scans/splits/tumor_and_fluid_segmentation_oct\test.csv","512","8","unet_eval__20260514-202930__id1feb8749__modelkermany_transfer_frozen_seed99__splittumor_and_fluid_segmentation_oct__img512__bs8","runs_unet\unet_eval__20260514-202930__id1feb8749__modelkermany_transfer_frozen_seed99__splittumor_and_fluid_segmentation_oct__img512__bs8","0.6992850181309557","0.5436676172297351","0.6992850181309557","0.9998066474651455","0.7246746053704661","0.8461762328186058","0.9998691684332709","0.7807264861627795","0.7807264861627795","0.6403210414255014","26168","75980893","9942","4757","0.9639460728086261","0.7112099280294035","0.5461464171198787","0.9874985187225671","0.6178435500991318","0.6178435500991318","0.4470141930339689","2215633","71065244","899668","1841215"
"495665c3","2026-05-14T20:29:46.873258+00:00","kermany_transfer_seed1009.pth","1009","Ophthalmic_Scans/splits/tumor_and_fluid_segmentation_oct","Ophthalmic_Scans/splits/tumor_and_fluid_segmentation_oct\test.csv","512","8","unet_eval__20260514-202938__id495665c3__modelkermany_transfer_seed1009__splittumor_and_fluid_segmentation_oct__img512__bs8","runs_unet\unet_eval__20260514-202938__id495665c3__modelkermany_transfer_seed1009__splittumor_and_fluid_segmentation_oct__img512__bs8","0.6864859406304851","0.5228438737874004","0.6864859406304851","0.999761502496126","0.7644481190543015","0.5979628132559484","0.9999250172734633","0.6710332940203737","0.6710332940203737","0.5049285967820634","18492","75985137","5698","12433","0.9699820682920245","0.7465492342219741","0.6623588066400156","0.9873235862499199","0.7019385872405963","0.7019385872405963","0.5407591507927375","2687089","71052655","912257","1369759"
"7a125786","2026-05-14T20:29:55.324798+00:00","kermany_transfer_seed123.pth","123","Ophthalmic_Scans/splits/tumor_and_fluid_segmentation_oct","Ophthalmic_Scans/splits/tumor_and_fluid_segmentation_oct\test.csv","512","8","unet_eval__20260514-202947__id7a125786__modelkermany_transfer_seed123__splittumor_and_fluid_segmentation_oct__img512__bs8","runs_unet\unet_eval__20260514-202947__id7a125786__modelkermany_transfer_seed123__splittumor_and_fluid_segmentation_oct__img512__bs8","0.6913309098510116","0.5283585098564003","0.6913309098510116","0.9997786423255643","0.8219816362851309","0.5818593371040198","0.9999487174999445","0.6813844289596308","0.6813844289596308","0.5167422893558189","17994","75986938","3897","12931","0.9698894895356264","0.7451211327912471","0.662306549321033","0.9872287344699302","0.7012773907423924","0.7012773907423924","0.5399747303569816","2686877","71045829","919083","1369971"
"ee134dac","2026-05-14T20:30:04.055229+00:00","kermany_transfer_seed13.pth","13","Ophthalmic_Scans/splits/tumor_and_fluid_segmentation_oct","Ophthalmic_Scans/splits/tumor_and_fluid_segmentation_oct\test.csv","512","8","unet_eval__20260514-202955__idee134dac__modelkermany_transfer_seed13__splittumor_and_fluid_segmentation_oct__img512__bs8","runs_unet\unet_eval__20260514-202955__idee134dac__modelkermany_transfer_seed13__splittumor_and_fluid_segmentation_oct__img512__bs8","0.6214932717669224","0.45299784271435994","0.6214932717669224","0.9997263809730254","0.793041565353751","0.44297493936800975","0.9999529548530411","0.5684350297712225","0.5684350297712225","0.397072463766965","13699","75987260","3575","17226","0.9658889507425229","0.6871131919845967","0.6624408900703043","0.9829951018351818","0.6745515137626223","0.6745515137626223","0.5089232216617549","2687422","70741156","1223756","1369426"
"315d0ccb","2026-05-14T20:30:12.802554+00:00","kermany_transfer_seed19.pth","19","Ophthalmic_Scans/splits/tumor_and_fluid_segmentation_oct","Ophthalmic_Scans/splits/tumor_and_fluid_segmentation_oct\test.csv","512","8","unet_eval__20260514-203004__id315d0ccb__modelkermany_transfer_seed19__splittumor_and_fluid_segmentation_oct__img512__bs8","runs_unet\unet_eval__20260514-203004__id315d0ccb__modelkermany_transfer_seed19__splittumor_and_fluid_segmentation_oct__img512__bs8","0.5404618357052429","0.38564288299045146","0.5404618357052429","0.9996621362094208","0.7389202990995903","0.26202101859252375","0.9999623244039876","0.38686113962333946","0.38686113962333946","0.23981887060423873","8103","75987972","2863","22822","0.968388879710229","0.7177010389051485","0.6719315093885531","0.9851009475284275","0.6940625317871464","0.6940625317871464","0.5314668953766641","2725924","70892703","1072209","1330924"
"8631d5c8","2026-05-14T20:30:21.508454+00:00","kermany_transfer_seed2027.pth","2027","Ophthalmic_Scans/splits/tumor_and_fluid_segmentation_oct","Ophthalmic_Scans/splits/tumor_and_fluid_segmentation_oct\test.csv","512","8","unet_eval__20260514-203012__id8631d5c8__modelkermany_transfer_seed2027__splittumor_and_fluid_segmentation_oct__img512__bs8","runs_unet\unet_eval__20260514-203012__id8631d5c8__modelkermany_transfer_seed2027__splittumor_and_fluid_segmentation_oct__img512__bs8","0.6693115543455945","0.5029987272265002","0.6693115543455945","0.9997644095585251","0.789157964893183","0.574292643490463","0.9999375582594914","0.6647950589543986","0.6647950589543986","0.49789739276563527","17760","75986090","4745","13165","0.9684904295822656","0.7527150245606099","0.6099077411823018","0.9887046620719816","0.6738280497367903","0.6738280497367903","0.5081000616873652","2474303","71152044","812868","1582545"
"4249c159","2026-05-14T20:30:30.216417+00:00","kermany_transfer_seed271.pth","271","Ophthalmic_Scans/splits/tumor_and_fluid_segmentation_oct","Ophthalmic_Scans/splits/tumor_and_fluid_segmentation_oct\test.csv","512","8","unet_eval__20260514-203021__id4249c159__modelkermany_transfer_seed271__splittumor_and_fluid_segmentation_oct__img512__bs8","runs_unet\unet_eval__20260514-203021__id4249c159__modelkermany_transfer_seed271__splittumor_and_fluid_segmentation_oct__img512__bs8","0.5816116064032736","0.4188223098064203","0.5816116064032736","0.9996961133233419","0.8086970246956933","0.3313500404193004","0.9999681014164392","0.4700889989896548","0.4700889989896548","0.3072655851740464","10247","75988411","2424","20678","0.9699136405155563","0.760497751890674","0.6367334935890958","0.9886958661187538","0.6931342138168923","0.6931342138168923","0.5303790344387943","2583131","71151411","813501","1473717"
"38d86b48","2026-05-14T20:30:38.872961+00:00","kermany_transfer_seed42.pth","42","Ophthalmic_Scans/splits/tumor_and_fluid_segmentation_oct","Ophthalmic_Scans/splits/tumor_and_fluid_segmentation_oct\test.csv","512","8","unet_eval__20260514-203030__id38d86b48__modelkermany_transfer_seed42__splittumor_and_fluid_segmentation_oct__img512__bs8","runs_unet\unet_eval__20260514-203030__id38d86b48__modelkermany_transfer_seed42__splittumor_and_fluid_segmentation_oct__img512__bs8","0.615556877043864","0.44614230668489807","0.615556877043864","0.9997075047986247","0.7081596473541845","0.47793047695884255","0.9999198455971683","0.5707004401873297","0.5707004401873297","0.3992867948984242","14780","75984744","6091","16145","0.966231168549635","0.7126397798351415","0.615319085161667","0.9860129892189669","0.6604133139003981","0.6604133139003981","0.4929978184713719","2496256","70958338","1006574","1560592"
"5f84dc8b","2026-05-14T20:30:47.487311+00:00","kermany_transfer_seed42_legacy.pth","42","Ophthalmic_Scans/splits/tumor_and_fluid_segmentation_oct","Ophthalmic_Scans/splits/tumor_and_fluid_segmentation_oct\test.csv","512","8","unet_eval__20260514-203039__id5f84dc8b__modelkermany_transfer_seed42_legacy__splittumor_and_fluid_segmentation_oct__img512__bs8","runs_unet\unet_eval__20260514-203039__id5f84dc8b__modelkermany_transfer_seed42_legacy__splittumor_and_fluid_segmentation_oct__img512__bs8","0.682968276358656","0.5193059662440809","0.682968276358656","0.9997564907731668","0.6860517401580202","0.7400485044438478","0.999862180748506","0.7120278762978159","0.7120278762978159","0.5528286390633537","22886","75980362","10473","8039","0.9644834847285817","0.681168186438098","0.6287469976691109","0.9834098178289984","0.6539086764194961","0.6539086764194961","0.485783293424808","2550731","70771001","1193911","1506117"
"babeba72","2026-05-14T20:30:56.303271+00:00","kermany_transfer_seed7.pth","7","Ophthalmic_Scans/splits/tumor_and_fluid_segmentation_oct","Ophthalmic_Scans/splits/tumor_and_fluid_segmentation_oct\test.csv","512","8","unet_eval__20260514-203047__idbabeba72__modelkermany_transfer_seed7__splittumor_and_fluid_segmentation_oct__img512__bs8","runs_unet\unet_eval__20260514-203047__idbabeba72__modelkermany_transfer_seed7__splittumor_and_fluid_segmentation_oct__img512__bs8","0.5758555237425057","0.41375116787759114","0.5758555237425057","0.9996831959691527","0.7505310188182045","0.3313500404193004","0.9999551788054427","0.4597335008289745","0.4597335008289745","0.29847659549591193","10247","75987429","3406","20678","0.9688293193948667","0.7319963368955814","0.6561076481051137","0.9864582478750186","0.691977546656037","0.691977546656037","0.5290257402592703","2661729","70990381","974531","1395119"
"1bd2f88b","2026-05-14T20:31:04.974573+00:00","kermany_transfer_seed73.pth","73","Ophthalmic_Scans/splits/tumor_and_fluid_segmentation_oct","Ophthalmic_Scans/splits/tumor_and_fluid_segmentation_oct\test.csv","512","8","unet_eval__20260514-203056__id1bd2f88b__modelkermany_transfer_seed73__splittumor_and_fluid_segmentation_oct__img512__bs8","runs_unet\unet_eval__20260514-203056__id1bd2f88b__modelkermany_transfer_seed73__splittumor_and_fluid_segmentation_oct__img512__bs8","0.5974094387074966","0.42804967605717015","0.5974094387074966","0.999712279747271","0.7665488810319991","0.42088924817972223","0.9999478358146728","0.5434088299748598","0.5434088299748598","0.3730688755757601","13016","75986871","3964","17909","0.9678143599937689","0.7717536938196344","0.5635350400113447","0.9906046296561843","0.6514100474401335","0.6514100474401335","0.48303047653858017","2286176","71288775","676137","1770672"
"5414ff96","2026-05-14T20:31:13.673448+00:00","kermany_transfer_seed99.pth","99","Ophthalmic_Scans/splits/tumor_and_fluid_segmentation_oct","Ophthalmic_Scans/splits/tumor_and_fluid_segmentation_oct\test.csv","512","8","unet_eval__20260514-203105__id5414ff96__modelkermany_transfer_seed99__splittumor_and_fluid_segmentation_oct__img512__bs8","runs_unet\unet_eval__20260514-203105__id5414ff96__modelkermany_transfer_seed99__splittumor_and_fluid_segmentation_oct__img512__bs8","0.649411818987123","0.482047916751542","0.649411818987123","0.9997353652427923","0.7602215266036108","0.510460792237638","0.9999344789407815","0.6107951247811747","0.6107951247811747","0.4396724598918235","15786","75985856","4979","15139","0.9678325653076159","0.7130514846358751","0.6647022516002408","0.9849208041830149","0.6880285131930711","0.6880285131930711","0.5244233736112606","2696596","70879739","1085173","1360252"
"2fba67df","2026-05-14T20:31:22.457295+00:00","weights.pth","","Ophthalmic_Scans/splits/tumor_and_fluid_segmentation_oct","Ophthalmic_Scans/splits/tumor_and_fluid_segmentation_oct\test.csv","512","8","unet_eval__20260514-203113__id2fba67df__modelweights__splittumor_and_fluid_segmentation_oct__img512__bs8","runs_unet\unet_eval__20260514-203113__id2fba67df__modelweights__splittumor_and_fluid_segmentation_oct__img512__bs8","0.11868089305573082","0.06675979824801408","0.11868089305573082","0.9994461717276724","0.01518043025663445","0.005658852061420666","0.9998506004046396","0.008244411466779157","0.008244411466779157","0.0041392686503521","175","75979482","11353","30750","0.9530104275407449","0.9198735054581667","0.13085503819713898","0.9993574507532211","0.2291173746446825","0.2291173746446825","0.12938032784567605","530859","71918671","46241","3525989"
